{
  "SOLUSDT": 1784248467.6099179,
  "ETHUSDT": 1784172829.3603349,
  "SILVER": 1784252087.2842205,
  "BTCUSDT": 1784252087.2842205,
  "BNBUSDT": 1784176452.240236,
  "XRPUSDT": 1784169205.8602355,
  "OIL": 1784169205.8602355
}