{
  "GOLD": 1784770834.0922039,
  "GBPUSD": 1784767201.3322244,
  "SILVER": 1784767201.3322244,
  "USDJPY": 1784767201.3322244,
  "NGAS": 1784684368.188997,
  "BNBUSDT": 1784770834.0922039,
  "XRPUSDT": 1784680728.3027153,
  "OIL": 1784680728.3027153
}