{
  "SILVER": 1782433972.0475116,
  "NGAS": 1782347477.9100852,
  "GOLD": 1782347477.9100852,
  "XRPUSDT": 1782268250.9661005,
  "GBPUSD": 1782264619.7111757,
  "USDJPY": 1782433972.0475116,
  "ETHUSDT": 1782358360.678143,
  "OIL": 1782354734.0454628
}