{
  "BTCUSDT": 1782958162.5984657,
  "SOLUSDT": 1782950926.222476,
  "GOLD": 1782868047.362445,
  "BNBUSDT": 1782810410.5312467,
  "OIL": 1782961777.0904696,
  "GBPUSD": 1782864424.6839988,
  "NGAS": 1782950926.222476,
  "ETHUSDT": 1782868047.362445,
  "SILVER": 1782799577.2344737
}