{
  "GOLD": 1783212504.5008833,
  "ETHUSDT": 1783297288.3662019,
  "SILVER": 1783212504.5008833,
  "BTCUSDT": 1783297288.3662019,
  "NGAS": 1783297288.3662019
}