{
  "SOLUSDT": 1784507767.436207,
  "ETHUSDT": 1784507767.436207,
  "BTCUSDT": 1784507767.436207,
  "NGAS": 1784504157.1273704
}