{
  "BTCUSDT": 1781365313.7972488,
  "SOLUSDT": 1781361692.9574242,
  "ETHUSDT": 1781365313.7972488,
  "BNBUSDT": 1781365313.7972488,
  "OIL": 1781311140.104482,
  "SILVER": 1781477052.6151924
}