{
  "SOLUSDT": 1784594259.66639,
  "GOLD": 1784684368.188997,
  "ETHUSDT": 1784594259.66639,
  "SILVER": 1784680728.3027153,
  "NGAS": 1784684368.188997,
  "BNBUSDT": 1784597900.2323012,
  "XRPUSDT": 1784680728.3027153,
  "OIL": 1784680728.3027153
}