{
  "SOLUSDT": 1783906102.085355,
  "GOLD": 1783989056.2329555,
  "GBPUSD": 1783909730.0449538,
  "SILVER": 1783924216.884207,
  "EURUSD": 1783913355.8761733,
  "USDJPY": 1783895252.8441684,
  "NGAS": 1783895252.8441684,
  "XRPUSDT": 1783989056.2329555,
  "OIL": 1783989056.2329555
}