{
  "SOLUSDT": 1783046664.461114,
  "GOLD": 1783212504.5008833,
  "GBPUSD": 1783050291.226776,
  "ETHUSDT": 1783043033.0346303,
  "SILVER": 1783212504.5008833,
  "EURUSD": 1783043033.0346303,
  "USDJPY": 1783046664.461114
}