{
  "BTCUSDT": 1782091543.5575075,
  "SOLUSDT": 1782091543.5575075,
  "SILVER": 1782098804.1044695,
  "NGAS": 1782080678.8144503,
  "GOLD": 1782080678.8144503,
  "BNBUSDT": 1782091543.5575075,
  "XRPUSDT": 1782178055.6887329,
  "GBPUSD": 1782084308.3598893,
  "ETHUSDT": 1782105831.6232116,
  "OIL": 1782113078.8595216,
  "EURUSD": 1782113078.8595216,
  "AAPL": 1782138404.9008727,
  "TSLA": 1782138404.9008727
}