{
  "SILVER": 1782001289.1441002,
  "GOLD": 1781831853.8326423,
  "XRPUSDT": 1781831853.8326423,
  "USDJPY": 1782001289.1441002
}