{
  "USDJPY": 1783895252.8441684,
  "NGAS": 1783895252.8441684
}