{
  "BTCUSDT": 1782958162.5984657,
  "SOLUSDT": 1782950926.222476,
  "GOLD": 1783003304.958695,
  "BNBUSDT": 1782965400.7882946,
  "OIL": 1782961777.0904696,
  "GBPUSD": 1782864424.6839988,
  "NGAS": 1782950926.222476,
  "ETHUSDT": 1782868047.362445,
  "SILVER": 1783003304.958695,
  "XRPUSDT": 1783003304.958695,
  "AAPL": 1783006980.553019,
  "MSFT": 1783006980.553019
}