{
  "SOLUSDT": 1783383756.9263194,
  "GOLD": 1783300930.470985,
  "ETHUSDT": 1783297288.3662019,
  "SILVER": 1783212504.5008833,
  "BTCUSDT": 1783297288.3662019,
  "NGAS": 1783383756.9263194,
  "BNBUSDT": 1783300930.470985
}