{
  "BTCUSDT": 1781570752.071002,
  "SOLUSDT": 1781570752.071002,
  "XRPUSDT": 1781487919.420034,
  "ETHUSDT": 1781484277.0674531,
  "BNBUSDT": 1781487919.420034,
  "SILVER": 1781477052.6151924,
  "NGAS": 1781574379.0440052,
  "GOLD": 1781581602.0378075
}