{
  "SOLUSDT": 1782192523.4109998,
  "SILVER": 1782185288.3462121,
  "NGAS": 1782260970.4736066,
  "GOLD": 1782181669.9123495,
  "XRPUSDT": 1782268250.9661005,
  "GBPUSD": 1782264619.7111757,
  "ETHUSDT": 1782192523.4109998,
  "OIL": 1782260970.4736066,
  "EURUSD": 1782260970.4736066,
  "AAPL": 1782138404.9008727,
  "TSLA": 1782138404.9008727
}