{
  "GOLD_SELL": 1781198042.6096785,
  "SILVER_SELL": 1781113955.8736725,
  "NGAS_SELL": 1781267012.8562813,
  "XRPUSDT_BUY": 1781234376.6891994,
  "AMZN_SELL": 1781198042.6096785,
  "QQQ_SELL": 1781113955.8736725,
  "NVDA_SELL": 1781198042.6096785,
  "MSFT_SELL": 1781121319.3722153,
  "OIL_SELL": 1781219845.0631273,
  "TSLA_SELL": 1781117646.9603407,
  "AAPL_SELL": 1781190766.5398436,
  "EURUSD_SELL": 1781106621.18897,
  "USDJPY_BUY": 1781128629.1616929,
  "META_SELL": 1781274253.4910784,
  "SPY_SELL": 1781102932.1920128,
  "BTCUSDT_SELL": 1781124978.48513,
  "BNBUSDT_SELL": 1781113955.8736725,
  "SOLUSDT_SELL": 1781117646.9603407,
  "XRPUSDT_SELL": 1781124978.48513,
  "ETHUSDT_SELL": 1781139514.5766225,
  "GBPUSD_BUY": 1781230749.8329856,
  "NGAS_BUY": 1781106621.18897,
  "OIL_BUY": 1781135877.6764736,
  "BTCUSDT_BUY": 1781256110.284005,
  "GBPUSD_SELL": 1781158150.9168358,
  "ETHUSDT_BUY": 1781263369.8470562,
  "BNBUSDT_BUY": 1781274253.4910784,
  "SOLUSDT_BUY": 1781190766.5398436,
  "USDJPY_SELL": 1781205351.3706284,
  "SILVER_BUY": 1781223477.2331445,
  "EURUSD_BUY": 1781234376.6891994,
  "GOLD_BUY": 1781263369.8470562,
  "BTCUSDT": 1781275046.3708797,
  "SOLUSDT": 1781275046.3708797,
  "XRPUSDT": 1781275046.3708797
}