{
  "GOLD_SELL": 1780914651.6207323,
  "SILVER_SELL": 1780914651.6207323,
  "NGAS_SELL": 1780914651.6207323,
  "BTCUSDT_BUY": 1780918350.0794103,
  "ETHUSDT_BUY": 1780918350.0794103,
  "BNBUSDT_BUY": 1780918350.0794103
}