{
  "BTCUSDT": 1782437597.6213307,
  "SILVER": 1782433972.0475116,
  "NGAS": 1782347477.9100852,
  "GOLD": 1782441218.5651202,
  "XRPUSDT": 1782441218.5651202,
  "USDJPY": 1782433972.0475116,
  "ETHUSDT": 1782358360.678143,
  "OIL": 1782354734.0454628
}