{
  "BTCUSDT": 1782795959.843598,
  "SOLUSDT": 1782864424.6839988,
  "GOLD": 1782868047.362445,
  "BNBUSDT": 1782810410.5312467,
  "OIL": 1782713022.4806828,
  "EURUSD": 1782716637.9635878,
  "GBPUSD": 1782864424.6839988,
  "NGAS": 1782723856.4572303,
  "USDJPY": 1782731071.9424353,
  "ETHUSDT": 1782868047.362445,
  "SILVER": 1782799577.2344737
}