{
  "GOLD_SELL": 1780914651.6207323,
  "SILVER_SELL": 1780914651.6207323,
  "NGAS_SELL": 1780914651.6207323,
  "BTCUSDT_BUY": 1780918350.0794103,
  "ETHUSDT_BUY": 1780918350.0794103,
  "BNBUSDT_BUY": 1780918350.0794103,
  "SOLUSDT_BUY": 1780922340.8779445,
  "XRPUSDT_BUY": 1780922340.8779445,
  "AMZN_SELL": 1780926050.8490071,
  "QQQ_SELL": 1780926050.8490071
}