{
  "BTCUSDT": 1782091543.5575075,
  "SOLUSDT": 1782192523.4109998,
  "SILVER": 1782185288.3462121,
  "NGAS": 1782260970.4736066,
  "GOLD": 1782181669.9123495,
  "BNBUSDT": 1782091543.5575075,
  "XRPUSDT": 1782178055.6887329,
  "ETHUSDT": 1782192523.4109998,
  "OIL": 1782260970.4736066,
  "EURUSD": 1782260970.4736066,
  "AAPL": 1782138404.9008727,
  "TSLA": 1782138404.9008727
}