{
  "BTCUSDT": 1782795959.843598,
  "SOLUSDT": 1782707870.538464,
  "GOLD": 1782777882.0304072,
  "BNBUSDT": 1782693407.1268659,
  "XRPUSDT": 1782693407.1268659,
  "OIL": 1782713022.4806828,
  "EURUSD": 1782716637.9635878,
  "GBPUSD": 1782716637.9635878,
  "NGAS": 1782723856.4572303,
  "USDJPY": 1782731071.9424353,
  "ETHUSDT": 1782777882.0304072
}