{
  "BTCUSDT": 1782091543.5575075,
  "SOLUSDT": 1782091543.5575075,
  "SILVER": 1782098804.1044695,
  "NGAS": 1782080678.8144503,
  "GOLD": 1782080678.8144503,
  "BNBUSDT": 1782091543.5575075,
  "XRPUSDT": 1782087925.364855,
  "GBPUSD": 1782084308.3598893,
  "USDJPY": 1782001289.1441002,
  "ETHUSDT": 1782105831.6232116,
  "OIL": 1782113078.8595216,
  "EURUSD": 1782113078.8595216
}