{
  "SOLUSDT": 1784079165.03225,
  "GOLD": 1783989056.2329555,
  "GBPUSD": 1783909730.0449538,
  "ETHUSDT": 1784079165.03225,
  "SILVER": 1783924216.884207,
  "EURUSD": 1783913355.8761733,
  "BTCUSDT": 1784075529.280203,
  "NGAS": 1783992698.4882102,
  "XRPUSDT": 1784075529.280203,
  "OIL": 1784075529.280203
}