{
  "BTCUSDT": 1782795959.843598,
  "SOLUSDT": 1782950926.222476,
  "GOLD": 1782868047.362445,
  "BNBUSDT": 1782810410.5312467,
  "OIL": 1782875307.8304346,
  "GBPUSD": 1782864424.6839988,
  "NGAS": 1782950926.222476,
  "ETHUSDT": 1782868047.362445,
  "SILVER": 1782799577.2344737
}