{
  "SILVER": 1782001289.1441002,
  "NGAS": 1782080678.8144503,
  "GOLD": 1782080678.8144503,
  "GBPUSD": 1782084308.3598893,
  "USDJPY": 1782001289.1441002
}