{
  "BTCUSDT": 1781828200.992032,
  "SOLUSDT": 1781756116.3394608,
  "OIL": 1781763367.0616806,
  "SILVER": 1781914690.1830294,
  "GOLD": 1781831853.8326423,
  "BNBUSDT": 1781828200.992032,
  "XRPUSDT": 1781831853.8326423,
  "GBPUSD": 1781748879.0595124,
  "USDJPY": 1781914690.1830294,
  "ETHUSDT": 1781828200.992032
}