{
  "GOLD": 1784770834.0922039,
  "GBPUSD": 1784767201.3322244,
  "ETHUSDT": 1784853657.5042279,
  "SILVER": 1784767201.3322244,
  "USDJPY": 1784767201.3322244,
  "BTCUSDT": 1784853657.5042279,
  "NGAS": 1784684368.188997,
  "BNBUSDT": 1784770834.0922039,
  "OIL": 1784853657.5042279
}