{
  "SOLUSDT": 1784594259.66639,
  "ETHUSDT": 1784594259.66639,
  "BTCUSDT": 1784507767.436207,
  "NGAS": 1784594259.66639,
  "XRPUSDT": 1784511422.5081968,
  "OIL": 1784511422.5081968
}