{
  "ETHUSDT_SELL": 1780515093.6221097,
  "SILVER_SELL": 1780541049.924815,
  "GBPUSD_SELL": 1780592579.0620549,
  "SOLUSDT_SELL": 1780600037.0319157,
  "OIL_BUY": 1780515093.6221097,
  "NVDA_SELL": 1780515093.6221097,
  "AMZN_SELL": 1780515093.6221097,
  "XRPUSDT_SELL": 1780518834.6449769,
  "EURUSD_SELL": 1780518834.6449769,
  "NGAS_BUY": 1780522546.4111094,
  "AAPL_BUY": 1780592579.0620549,
  "TSLA_SELL": 1780592579.0620549,
  "QQQ_BUY": 1780596340.6406364,
  "META_BUY": 1780600037.0319157
}