{
  "BTCUSDT": 1781484277.0674531,
  "SOLUSDT": 1781484277.0674531,
  "ETHUSDT": 1781484277.0674531,
  "BNBUSDT": 1781365313.7972488,
  "SILVER": 1781477052.6151924,
  "NGAS": 1781480665.2992225
}