{
  "SOLUSDT": 1782192523.4109998,
  "SILVER": 1782347477.9100852,
  "NGAS": 1782347477.9100852,
  "GOLD": 1782347477.9100852,
  "XRPUSDT": 1782268250.9661005,
  "GBPUSD": 1782264619.7111757,
  "ETHUSDT": 1782192523.4109998,
  "OIL": 1782354734.0454628,
  "EURUSD": 1782260970.4736066
}