{
  "GOLD_SELL": 1781017714.4449449,
  "SILVER_SELL": 1781014063.6275775,
  "NGAS_SELL": 1781035996.3577385,
  "BTCUSDT_BUY": 1780918350.0794103,
  "ETHUSDT_BUY": 1780918350.0794103,
  "BNBUSDT_BUY": 1780918350.0794103,
  "SOLUSDT_BUY": 1780922340.8779445,
  "XRPUSDT_BUY": 1781010443.7400353,
  "AMZN_SELL": 1781021386.8978076,
  "QQQ_SELL": 1781021386.8978076,
  "GBPUSD_SELL": 1780929771.3112538,
  "NVDA_SELL": 1781017714.4449449,
  "MSFT_SELL": 1781028690.9320686,
  "OIL_SELL": 1781032351.1377785,
  "AAPL_BUY": 1780933514.7251186,
  "TSLA_SELL": 1781028690.9320686,
  "AAPL_SELL": 1780944557.051552,
  "EURUSD_SELL": 1780948262.5820224,
  "USDJPY_BUY": 1780948262.5820224,
  "META_SELL": 1780948262.5820224,
  "SPY_SELL": 1781014063.6275775,
  "BTCUSDT_SELL": 1781017714.4449449,
  "BNBUSDT_SELL": 1781025037.2738807,
  "SOLUSDT_SELL": 1781028690.9320686,
  "XRPUSDT_SELL": 1781035996.3577385
}