{
  "SOLUSDT": 1783563944.2722044,
  "GOLD": 1783470227.1447525,
  "SILVER": 1783560304.1309488,
  "USDJPY": 1783560304.1309488,
  "BTCUSDT": 1783567567.8461835,
  "NGAS": 1783477476.1535404,
  "OIL": 1783560304.1309488
}