{
  "BTCUSDT": 1781570752.071002,
  "SOLUSDT": 1781570752.071002,
  "OIL": 1781675946.7496843,
  "SILVER": 1781675946.7496843,
  "NGAS": 1781675946.7496843,
  "GOLD": 1781581602.0378075,
  "BNBUSDT": 1781680292.7140071,
  "EURUSD": 1781680292.7140071
}