{
  "ETHUSDT_SELL": 1780603778.3134685,
  "SILVER_SELL": 1780541049.924815,
  "GBPUSD_SELL": 1780592579.0620549,
  "SOLUSDT_SELL": 1780600037.0319157,
  "XRPUSDT_SELL": 1780607503.5461526,
  "AAPL_BUY": 1780592579.0620549,
  "TSLA_SELL": 1780592579.0620549,
  "QQQ_BUY": 1780596340.6406364,
  "META_BUY": 1780600037.0319157,
  "SPY_BUY": 1780600037.0319157,
  "BNBUSDT_SELL": 1780611211.337019,
  "NGAS_BUY": 1780611211.337019,
  "BTCUSDT_SELL": 1780614929.8770156
}