{
  "BTCUSDT_SELL": 1780511354.5577543,
  "ETHUSDT_SELL": 1780425015.5695708,
  "NGAS_SELL": 1780425015.5695708,
  "EURUSD_SELL": 1780425015.5695708,
  "META_SELL": 1780425015.5695708,
  "SPY_BUY": 1780425015.5695708,
  "AMZN_SELL": 1780425241.0775032,
  "AAPL_BUY": 1780425594.8788245,
  "SILVER_SELL": 1780452359.200968,
  "GOLD_SELL": 1780456028.870818,
  "QQQ_BUY": 1780500265.4882183,
  "GBPUSD_SELL": 1780503965.045025,
  "TSLA_SELL": 1780503965.045025
}