{
  "BTCUSDT_SELL": 1780424002.4511802,
  "SOLUSDT_SELL": 1780424002.4511802,
  "BNBUSDT_SELL": 1780424002.4511802,
  "XRPUSDT_SELL": 1780424002.4511802,
  "OIL_BUY": 1780424002.4511802,
  "ETHUSDT_SELL": 1780425015.5695708,
  "NGAS_SELL": 1780425015.5695708,
  "EURUSD_SELL": 1780425015.5695708
}