{
  "BTCUSDT": 1782693407.1268659,
  "GOLD": 1782686191.3741114,
  "BNBUSDT": 1782693407.1268659,
  "XRPUSDT": 1782693407.1268659
}