{
  "GOLD_SELL": 1781017714.4449449,
  "SILVER_SELL": 1781014063.6275775,
  "NGAS_SELL": 1781035996.3577385,
  "XRPUSDT_BUY": 1781010443.7400353,
  "AMZN_SELL": 1781021386.8978076,
  "QQQ_SELL": 1781021386.8978076,
  "NVDA_SELL": 1781017714.4449449,
  "MSFT_SELL": 1781028690.9320686,
  "OIL_SELL": 1781032351.1377785,
  "AAPL_BUY": 1780933514.7251186,
  "TSLA_SELL": 1781028690.9320686,
  "AAPL_SELL": 1781102932.1920128,
  "EURUSD_SELL": 1780948262.5820224,
  "USDJPY_BUY": 1781039632.0042331,
  "META_SELL": 1781099278.0856254,
  "SPY_SELL": 1781102932.1920128,
  "BTCUSDT_SELL": 1781017714.4449449,
  "BNBUSDT_SELL": 1781025037.2738807,
  "SOLUSDT_SELL": 1781028690.9320686,
  "XRPUSDT_SELL": 1781035996.3577385,
  "ETHUSDT_SELL": 1781046862.4470162,
  "GBPUSD_BUY": 1781072190.359378
}