{
  "ETHUSDT_SELL": 1780603778.3134685,
  "GBPUSD_SELL": 1780592579.0620549,
  "SOLUSDT_SELL": 1780600037.0319157,
  "XRPUSDT_SELL": 1780607503.5461526,
  "AAPL_BUY": 1780592579.0620549,
  "TSLA_SELL": 1780592579.0620549,
  "QQQ_BUY": 1780596340.6406364,
  "META_BUY": 1780600037.0319157,
  "SPY_BUY": 1780600037.0319157,
  "BNBUSDT_SELL": 1780611211.337019,
  "NGAS_BUY": 1780611211.337019,
  "BTCUSDT_SELL": 1780614929.8770156,
  "GOLD_SELL": 1780629747.2489996,
  "SILVER_SELL": 1780629747.2489996,
  "EURUSD_SELL": 1780629747.2489996,
  "BTCUSDT": 1780638666.4599686,
  "ETHUSDT": 1780638666.4599686,
  "XRPUSDT": 1780638666.4599686,
  "SOLUSDT": 1780642332.6717365,
  "BNBUSDT": 1780642332.6717365
}