{
  "SOLUSDT": 1784079165.03225,
  "ETHUSDT": 1784172829.3603349,
  "SILVER": 1784165590.0362077,
  "BTCUSDT": 1784075529.280203,
  "XRPUSDT": 1784169205.8602355,
  "OIL": 1784169205.8602355
}