{
  "GOLD_SELL": 1781110284.1958308,
  "SILVER_SELL": 1781113955.8736725,
  "NGAS_SELL": 1781172590.1190233,
  "AMZN_SELL": 1781110284.1958308,
  "QQQ_SELL": 1781113955.8736725,
  "NVDA_SELL": 1781110284.1958308,
  "MSFT_SELL": 1781121319.3722153,
  "OIL_SELL": 1781032351.1377785,
  "TSLA_SELL": 1781117646.9603407,
  "AAPL_SELL": 1781190766.5398436,
  "EURUSD_SELL": 1781106621.18897,
  "USDJPY_BUY": 1781128629.1616929,
  "META_SELL": 1781187106.6055853,
  "SPY_SELL": 1781102932.1920128,
  "BTCUSDT_SELL": 1781124978.48513,
  "BNBUSDT_SELL": 1781113955.8736725,
  "SOLUSDT_SELL": 1781117646.9603407,
  "XRPUSDT_SELL": 1781124978.48513,
  "ETHUSDT_SELL": 1781139514.5766225,
  "GBPUSD_BUY": 1781072190.359378,
  "NGAS_BUY": 1781106621.18897,
  "OIL_BUY": 1781135877.6764736,
  "BTCUSDT_BUY": 1781158150.9168358,
  "GBPUSD_SELL": 1781158150.9168358,
  "ETHUSDT_BUY": 1781176245.2929795,
  "BNBUSDT_BUY": 1781176245.2929795,
  "SOLUSDT_BUY": 1781190766.5398436
}