{
  "GOLD_SELL": 1781110284.1958308,
  "SILVER_SELL": 1781113955.8736725,
  "NGAS_SELL": 1781035996.3577385,
  "XRPUSDT_BUY": 1781010443.7400353,
  "AMZN_SELL": 1781110284.1958308,
  "QQQ_SELL": 1781113955.8736725,
  "NVDA_SELL": 1781110284.1958308,
  "MSFT_SELL": 1781121319.3722153,
  "OIL_SELL": 1781032351.1377785,
  "TSLA_SELL": 1781117646.9603407,
  "AAPL_SELL": 1781102932.1920128,
  "EURUSD_SELL": 1781106621.18897,
  "USDJPY_BUY": 1781128629.1616929,
  "META_SELL": 1781099278.0856254,
  "SPY_SELL": 1781102932.1920128,
  "BTCUSDT_SELL": 1781124978.48513,
  "BNBUSDT_SELL": 1781113955.8736725,
  "SOLUSDT_SELL": 1781117646.9603407,
  "XRPUSDT_SELL": 1781124978.48513,
  "ETHUSDT_SELL": 1781046862.4470162,
  "GBPUSD_BUY": 1781072190.359378,
  "NGAS_BUY": 1781106621.18897
}