{
  "GOLD": 1783898873.6514006,
  "USDJPY": 1783895252.8441684,
  "NGAS": 1783895252.8441684,
  "XRPUSDT": 1783902487.0331
}