{
  "BTCUSDT": 1781828200.992032,
  "SOLUSDT": 1781756116.3394608,
  "OIL": 1781763367.0616806,
  "SILVER": 1781675946.7496843,
  "NGAS": 1781675946.7496843,
  "GOLD": 1781831853.8326423,
  "BNBUSDT": 1781828200.992032,
  "EURUSD": 1781680292.7140071,
  "QQQ": 1781705601.6395836,
  "XRPUSDT": 1781831853.8326423,
  "GBPUSD": 1781748879.0595124,
  "USDJPY": 1781748879.0595124,
  "ETHUSDT": 1781828200.992032
}