{
  "GOLD_SELL": 1781198042.6096785,
  "NGAS_SELL": 1781267012.8562813,
  "XRPUSDT_BUY": 1781234376.6891994,
  "AMZN_SELL": 1781198042.6096785,
  "NVDA_SELL": 1781198042.6096785,
  "OIL_SELL": 1781219845.0631273,
  "META_SELL": 1781274253.4910784,
  "GBPUSD_BUY": 1781230749.8329856,
  "BTCUSDT_BUY": 1781256110.284005,
  "ETHUSDT_BUY": 1781263369.8470562,
  "BNBUSDT_BUY": 1781274253.4910784,
  "USDJPY_SELL": 1781205351.3706284,
  "SILVER_BUY": 1781223477.2331445,
  "EURUSD_BUY": 1781234376.6891994,
  "GOLD_BUY": 1781263369.8470562,
  "BTCUSDT": 1781365313.7972488,
  "SOLUSDT": 1781361692.9574242,
  "XRPUSDT": 1781275046.3708797,
  "ETHUSDT": 1781365313.7972488,
  "BNBUSDT": 1781365313.7972488,
  "OIL": 1781311140.104482
}