{
  "SOLUSDT": 1783383756.9263194,
  "GOLD": 1783470227.1447525,
  "ETHUSDT": 1783387383.8545566,
  "SILVER": 1783470227.1447525,
  "BTCUSDT": 1783387383.8545566,
  "NGAS": 1783383756.9263194,
  "BNBUSDT": 1783300930.470985,
  "XRPUSDT": 1783387383.8545566
}