{
  "BTCUSDT_SELL": 1780511354.5577543,
  "ETHUSDT_SELL": 1780515093.6221097,
  "SILVER_SELL": 1780452359.200968,
  "GOLD_SELL": 1780456028.870818,
  "QQQ_BUY": 1780500265.4882183,
  "GBPUSD_SELL": 1780503965.045025,
  "TSLA_SELL": 1780503965.045025,
  "SOLUSDT_SELL": 1780511354.5577543,
  "BNBUSDT_SELL": 1780511354.5577543
}