{
  "BTCUSDT_SELL": 1780424002.4511802,
  "SOLUSDT_SELL": 1780424002.4511802,
  "BNBUSDT_SELL": 1780424002.4511802,
  "XRPUSDT_SELL": 1780424002.4511802
}