{
  "BTCUSDT_SELL": 1780511354.5577543,
  "ETHUSDT_SELL": 1780515093.6221097,
  "SILVER_SELL": 1780541049.924815,
  "GOLD_SELL": 1780456028.870818,
  "QQQ_BUY": 1780500265.4882183,
  "GBPUSD_SELL": 1780503965.045025,
  "TSLA_SELL": 1780503965.045025,
  "SOLUSDT_SELL": 1780511354.5577543,
  "BNBUSDT_SELL": 1780511354.5577543,
  "OIL_BUY": 1780515093.6221097,
  "NVDA_SELL": 1780515093.6221097,
  "AMZN_SELL": 1780515093.6221097,
  "XRPUSDT_SELL": 1780518834.6449769,
  "EURUSD_SELL": 1780518834.6449769,
  "NGAS_BUY": 1780522546.4111094
}