{
  "GOLD_SELL": 1780914651.6207323,
  "SILVER_SELL": 1780914651.6207323,
  "NGAS_SELL": 1780914651.6207323
}